Model,Epochs,Batch,Layers,MAE
Baseline,50,32,16-8,3.050292730331421
More Neurons,50,32,32-16,2.6900343894958496
